{"balanca":{"arrecadado":34762931.11,"previsto_atualizado":122063224.61,"empenhado_liquido":42328007.71,"pago":11203446.57,"saldo_caixa":23559484.54,"compromisso":-7565076.6000000015},"origem_categoria":{"10000000000 - Receitas Correntes":37189116.70000002,"20000000000 - Receitas de Capital":27688.9},"origem_origem":{"17000000000 - Transferencias Correntes":32722506.25999999,"11000000000 - Impostos, Taxas e Contribuicoes de Melhoria":3424791.160000001,"13000000000 - Receita Patrimonial":868700.1499999997,"19000000000 - Outras Receitas Correntes":150790.94,"24000000000 - Transferencias de Capital":27688.9,"16000000000 - Receita de Servicos":22328.19},"piramide_funcao":{"12 - EDUCACAO":23029355.789999988,"10 - SAUDE":14367243.219999999,"04 - ADMINISTRACAO":4597782.54,"15 - URBANISMO":2653217.42,"13 - CULTURA":1556550.4,"26 - TRANSPORTE":1511109.1600000001,"08 - ASSISTENCIA SOCIAL":1415881.79,"09 - PREVIDENCIA SOCIAL":326213.94,"27 - DESPORTO E LAZER":275941.54000000004,"28 - ENCARGOS ESPECIAIS":218360.99999999997,"18 - GESTAO AMBIENTAL":178729.76,"17 - SANEAMENTO":101505.51999999999},"comissionados":{"qtd":53,"qtd_efetivos":635,"qtd_total_quadro":825,"pct_quadro":6.424242424242424,"custo_mensal":243629.53,"custo_folha_base_total":2442721.61,"pct_custo":9.973692008235028}}